"","PN38708PM"
"","Índice de precios Lima Metropolitana (índice Dic.2021 = 100) - IPC Subyacente"
Ene03,59.84246017754
Feb03,59.9191694508237
Mar03,60.0135509055192
Abr03,60.0581788981363
May03,60.0649246835955
Jun03,60.0848223592697
Jul03,60.0914051370351
Ago03,60.1501845400974
Sep03,60.1536067255727
Oct03,60.129522582841
Nov03,60.2051308221211
Dic03,60.2817981233638
Ene04,60.2481404509282
Feb04,60.3922333956612
Mar04,60.573403270023
Abr04,60.6007622080398
May04,60.7040114764954
Jun04,60.7953348287682
Jul04,60.7933582384694
Ago04,60.8586977739169
Sep04,60.8719943212591
Oct04,60.9389416787017
Nov04,61.0112604812871
Dic04,61.0207568995669
Ene05,61.0832298422295
Feb05,61.0825377916015
Mar05,61.2987845790381
Abr05,61.3365418461674
May05,61.4333586553297
Jun05,61.4618254600078
Jul05,61.4987110752177
Ago05,61.5061489113049
Sep05,61.4853737271474
Oct05,61.547731490721
Nov05,61.6268312181486
Dic05,61.771715775095
Ene06,61.8536412945794
Feb06,61.9120468536494
Mar06,62.1630172081419
Abr06,62.2102084235366
May06,62.2424673533065
Jun06,62.2410305429757
Jul06,62.2701435218651
Ago06,62.3518679659906
Sep06,62.4035638550786
Oct06,62.4399721603349
Nov06,62.5220284764118
Dic06,62.6151166065908
Ene07,62.6756285764583
Feb07,62.8372619299165
Mar07,63.0473358990571
Abr07,63.1278616997818
May07,63.1822808910592
Jun07,63.287757605965
Jul07,63.4303659117624
Ago07,63.6253143286711
Sep07,63.7447530917911
Oct07,63.9651560873719
Nov07,64.3431523834497
Dic07,64.5621312579215
Ene08,64.7251945890526
Feb08,64.9566176856078
Mar08,65.3117577651741
Abr08,65.5742362676283
May08,65.8791036031216
Jun08,66.2385302969872
Jul08,66.5015189061526
Ago08,66.8691410802485
Sep08,67.1046891499407
Oct08,67.4821489564633
Nov08,67.8825394144718
Dic08,68.1536495159442
Ene09,68.3903806115338
Feb09,68.7047599828106
Mar09,69.0247606792877
Abr09,69.1304052823573
May09,69.2474618217576
Jun09,69.3549844550129
Jul09,69.4122563990387
Ago09,69.4942349057845
Sep09,69.6082961319592
Oct09,69.5943076247658
Nov09,69.7036970709349
Dic09,69.7520612643156
Ene10,69.8998374002861
Feb10,70.0183841921873
Mar10,70.2482057521336
Abr10,70.4073572040087
May10,70.504234594747
Jun10,70.5971089533456
Jul10,70.6516637272676
Ago10,70.8189951026845
Sep10,70.9163253386348
Oct10,71.0383314229022
Nov10,71.0706745820922
Dic10,71.2306529594217
Ene11,71.363027736877
Feb11,71.5142000198283
Mar11,71.9400110237659
Abr11,72.2280078780509
May11,72.4769150012888
Jun11,72.7111590328476
Jul11,72.8953473925147
Ago11,73.0753835148556
Sep11,73.3050077354671
Oct11,73.5091203239164
Nov11,73.7227203557503
Dic11,73.8285892267102
Ene12,73.9911208484441
Feb12,74.2265678067965
Mar12,74.6863175475626
Abr12,74.9595238774127
May12,75.2073130290276
Jun12,75.3595779891604
Jul12,75.5085435722284
Ago12,75.7092081120644
Sep12,75.8503577127109
Oct12,75.9501888965411
Nov12,76.1056672112919
Dic12,76.239948250433
Ene13,76.4609908248117
Feb13,76.6181403870704
Mar13,77.283710251178
Abr13,77.5112484808233
May13,77.7032729944286
Jun13,77.9082787861726
Jul13,78.1646462754648
Ago13,78.4035588924846
Sep13,78.5777084539791
Oct13,78.7557867652029
Nov13,78.9096711032292
Dic13,79.091941034264
Ene14,79.3267688658016
Feb14,79.5416043763474
Mar14,80.1818853487965
Abr14,80.3636397855173
May14,80.5491957526667
Jun14,80.6929239988867
Jul14,80.8519482314611
Ago14,80.9915114330427
Sep14,81.1347798967566
Oct14,81.2963493691654
Nov14,81.4702148217854
Dic14,81.7000299780756
Ene15,81.9627154211783
Feb15,82.2405527683738
Mar15,82.9837699507559
Abr15,83.2968473644219
May15,83.5463875957903
Jun15,83.7602781401547
Jul15,84.0045977909086
Ago15,84.2416093758951
Sep15,84.4777873115884
Oct15,84.6540052539949
Nov15,84.8543818427628
Dic15,85.073438856848
Ene16,85.3172936021708
Feb16,85.8449938182733
Mar16,86.4639271359225
Abr16,86.6306354356034
May16,86.9860577721543
Jun16,87.1850608834219
Jul16,87.3291211592093
Ago16,87.5499549744
Sep16,87.7117756835821
Oct16,87.9376129954465
Nov16,88.1129572657092
Dic16,88.2424215814788
Ene17,88.429169695934
Feb17,88.6335609501501
Mar17,89.3413416872755
Abr17,89.4969087993906
May17,89.6910628488234
Jun17,89.8332309509685
Jul17,89.9574890943496
Ago17,90.0807751627386
Sep17,90.1285386459385
Oct17,90.1846354202432
Nov17,90.2621188049222
Dic17,90.3019086690335
Ene18,90.4499777402511
Feb18,90.5694155315222
Mar18,91.26778993824
Abr18,91.3951902489292
May18,91.5778765243365
Jun18,91.9182112068105
Jul18,92.1027965931542
Ago18,92.2269699948199
Sep18,92.3303654536211
Oct18,92.4167939987429
Nov18,92.5074913277314
Dic18,92.6224520028581
Ene19,92.7424311165226
Feb19,92.9159282521908
Mar19,93.7055304240752
Abr19,93.7714914969245
May19,93.9443985356854
Jun19,94.0187459432572
Jul19,94.1904388488264
Ago19,94.3377297691033
Sep19,94.4346691685779
Oct19,94.5102114983733
Nov19,94.5672133227365
Dic19,94.6188656395427
Ene20,94.8072467930245
Feb20,94.9682939405528
Mar20,95.3530638059822
Abr20,95.4286770029047
May20,95.5580794166655
Jun20,95.6463629942244
Jul20,95.7064142396102
Ago20,95.8395623652642
Sep20,95.9086549326613
Oct20,96.0574752594641
Nov20,96.1961650023572
Dic20,96.312369694404
Ene21,96.4556226826156
Feb21,96.4932182272454
Mar21,96.9626228670025
Abr21,97.0997465958025
May21,97.2925056087596
Jun21,97.5736034841729
Jul21,97.8918154560069
Ago21,98.3140960176231
Sep21,98.7052599336427
Oct21,99.1218052741511
Nov21,99.4567159532026
Dic21,100
Ene22,100.197260806556
Feb22,100.582745068267
Mar22,101.438742845162
Abr22,101.977813955097
May22,102.630853391302
Jun22,103.238017886358
Jul22,103.931156132298
Ago22,104.462012525012
Sep22,104.905102661547
Oct22,105.436954784604
Nov22,105.898979232874
Dic22,106.532412295492
Ene23,106.799744620998
Feb23,107.239271305614
Mar23,108.305740388771
Abr23,108.838980298081
May23,109.322736199388
Jun23,109.657952433498
Jul23,110.009744740172
Ago23,110.351191070798
Sep23,110.614018661723
Oct23,110.876494688677
Nov23,110.98258528278
Dic23,111.206320564089
Ene24,111.32769292314
Feb24,111.78200737553
Mar24,112.651178172081
Abr24,112.815371608698
May24,112.999449270245
Jun24,113.228309439736
Jul24,113.413139770186
Ago24,113.613716039901
Sep24,113.643682725694
Oct24,113.662853972458
Nov24,113.811184763418
Dic24,114.069041259122
Ene25,114.147447573858
Feb25,114.467105149482
Mar25,115.197901340337
Abr25,115.420762728049
May25,115.578198054967
Jun25,115.805406439795
Jul25,116.027966456274
Ago25,115.998679203449
Sep25,116.016555615878
Oct25,116.070864284663
Nov25,116.22026573976
Dic25,116.492958303908
Ene26,116.647130186264
Feb26,116.90563490319
Mar26,117.795490901601
Abr26,118.152724199623
May26,118.523453369233
Jun26,118.732029887594
